<?xml version="1.0" encoding="UTF-8"?>
<project-private xmlns="http://www.netbeans.org/ns/project-private/1">
    <editor-bookmarks xmlns="http://www.netbeans.org/ns/editor-bookmarks/2" lastBookmarkId="0"/>
    <open-files xmlns="http://www.netbeans.org/ns/projectui-open-files/2">
        <group>
            <file>file:/C:/Users/USER/Documents/NetBeansProjects/S15-05-DBAPP/web/add_lead_processing.jsp</file>
            <file>file:/C:/Users/USER/Documents/NetBeansProjects/S15-05-DBAPP/src/java/crm_db/OrderDetail.java</file>
            <file>file:/C:/Users/USER/Documents/NetBeansProjects/S15-05-DBAPP/src/java/crm_db/Test.java</file>
            <file>file:/C:/Users/USER/Documents/NetBeansProjects/S15-05-DBAPP/src/java/crm_db/Orders.java</file>
            <file>file:/C:/Users/USER/Documents/NetBeansProjects/S15-05-DBAPP/web/add_person.jsp</file>
            <file>file:/C:/Users/USER/Documents/NetBeansProjects/S15-05-DBAPP/web/add_lead.jsp</file>
            <file>file:/C:/Users/USER/Documents/NetBeansProjects/S15-05-DBAPP/web/customer_profile.jsp</file>
            <file>file:/C:/Users/USER/Documents/NetBeansProjects/S15-05-DBAPP/web/add_customer.jsp</file>
            <file>file:/C:/Users/USER/Documents/NetBeansProjects/S15-05-DBAPP/web/add_order_processing.jsp</file>
            <file>file:/C:/Users/USER/Documents/NetBeansProjects/S15-05-DBAPP/web/lead_dashboard.jsp</file>
        </group>
    </open-files>
</project-private>
